{"index":{"_id":33}}
{"version":3,"algo_num":2,"algo_name":"Xor codec","time_enc": [1.782438039779663,1.746272325515747,1.7941961288452148,1.766672134399414,1.6721606254577637,1.7455649375915527,1.8312957286834717,1.7240195274353027,1.6906208992004395,1.698448657989502,1.7093737125396729,1.7435100078582764,1.717473030090332,2.029463529586792,1.7426769733428955],"size":"150Ko","time_dec":[1.799546718597412,1.9140851497650146,1.8807260990142822,1.7768657207489014,1.7657170295715332,1.7927913665771484,1.8078739643096924,1.7970223426818848,1.8538403511047363,1.8235774040222168,1.808302879333496,1.753375768661499,1.7914202213287354,1.8037796020507812,1.7881956100463867]}
{"index":{"_id":34}}
{"version":3, "algo_num": 2, "algo_name": "Xor codec", "time_enc": [0.004022359848022461,0.04294249534606934,0.00398564338684082,0.004012107849121094,0.004530429840087891,0.0040285587310791016,0.004056453704833984,0.004007816314697266,0.003979206085205078,0.003947734832763672,0.004048824310302734,0.0040493011474609375,0.004023313522338867,0.004094839096069336,0.004914283752441406], "size":"1Ko", "time_dec": [0.04723072052001953,0.009846925735473633,0.009882450103759766,0.009827852249145508,0.009825706481933594,0.010374784469604492,0.009844779968261719,0.010266542434692383,0.009598016738891602,0.009808778762817383,0.009726524353027344,0.00978708267211914,0.009843111038208008,0.009693384170532227,0.009710311889648438]}
{"index":{"_id":35}}
{"version":3, "algo_num": 2, "algo_name": "Xor codec", "time_enc": [0.07322907447814941,0.024315357208251953,0.0074121952056884766,0.00745844841003418,0.007354259490966797,0.008344173431396484,0.007491350173950195,0.007235050201416016,0.007394075393676758,0.007452487945556641,0.007382869720458984,0.0073642730712890625,0.007346153259277344,0.007445812225341797], "size":"5Ko", "time_dec": [0.08599162101745605,0.013089418411254883,0.013158321380615234,0.013130903244018555,0.013172626495361328,0.013052701950073242,0.08169674873352051,0.013107538223266602,0.015688419342041016,0.013129711151123047,0.013146162033081055,0.013706207275390625,0.013130664825439453,0.013161659240722656,0.013016462326049805]}
{"index":{"_id":36}}
{"version":3, "algo_num": 2, "algo_name": "Xor codec", "time_enc": [76.51301336288452,77.10144686698914,76.16455602645874,76.73968601226807,76.61315846443176,79.64179563522339,77.09511971473694,76.57239961624146,77.56245040893555,76.77650308609009,76.86488199234009,77.13647818565369,76.96857857704163,78.15387678146362,80.01632618904114], "size":"500Ko", "time_dec": [77.5613763332367,76.54630398750305,77.19944047927856,78.17654657363892,77.69474840164185,78.95981335639954,76.3564145565033,76.75461316108704,77.40412163734436,77.26212644577026,77.75308656692505,76.66563105583191,78.19319343566895,79.45493030548096,77.0254807472229]}
{"index":{"_id":37}}
{"version":3, "algo_num": 2, "algo_name": "Xor codec", "time_enc": [545.5160577297211], "size":"1,3Mo", "time_dec": [545.5160577297211]}
{"index":{"_id":38}}
{"version":2, "algo_num": 2, "algo_name": "Xor codec", "time_enc": [0.01904916763305664,0.004305839538574219,0.004311800003051758,0.0042724609375,0.004189252853393555,0.004282712936401367,0.004287242889404297,0.004313945770263672,0.004189014434814453,0.0043599605560302734,0.004374504089355469,0.004210233688354492,0.004225015640258789,0.004285573959350586,0.004215717315673828], "size":"1ko", "time_dec": [0.03622078895568848,0.013385534286499023,0.011826753616333008,0.012974739074707031,0.010468721389770508,0.011446475982666016,0.012716531753540039,0.013393878936767578,0.00995635986328125,0.011497020721435547,0.009854793548583984,0.012874603271484375,0.013161182403564453,0.009841203689575195,0.009951353073120117,0.00991058349609375,0.013067483901977539,0.009924888610839844,0.013889312744140625,0.010010480880737305]}
{"index":{"_id":39}}
{"version":2, "algo_num": 2, "algo_name": "Xor codec", "time_enc": [0.024658203125,0.007884025573730469,0.010320663452148438,0.009784698486328125,0.00791478157043457,0.009552001953125,0.009279012680053711,0.00762629508972168,0.007481098175048828,0.007566690444946289,0.007719039916992187,0.007580041885375976,0.007498741149902344,0.007528066635131836,0.007730245590209961], "size":"5ko", "time_dec": [0.013306617736816406,0.01343846321105957,0.013297319412231445,0.013330698013305664,0.01331472396850586,0.014103174209594727,0.013321638107299805,0.01324009895324707,0.01333308219909668,0.013567209243774414,0.01338958740234375,0.01411294937133789,0.013299703598022461,0.013304710388183594,0.013270854949951172]}
{"index":{"_id":40}}
{"version":2, "algo_num": 2, "algo_name": "Xor codec", "time_enc": [0.18187975883483887,0.1976642608642578,0.1677849292755127,0.21653318405151367,0.21555423736572266,0.16730356216430664,0.16778779029846191,0.1677110195159912,0.16654300689697266,0.16758418083190918,0.18074393272399902,0.17013955116271973,0.19188427925109863,0.1673896312713623,0.16667699813842773,0.16719889640808105,0.16608786582946777,0.16818690299987793,0.17106056213378906], "size":"50ko", "time_dec": [0.1751410961151123,0.17446231842041016,0.1738443374633789,0.18143773078918457,0.17429161071777344,0.17708110809326172,0.1747114658355713,0.17667031288146973,0.17788219451904297,0.17624855041503906,0.17395544052124023,0.17499017715454102,0.17437458038330078,0.1737043857574463,0.1766505241394043]}
{"index":{"_id":41}}
{"version":2, "algo_num": 2, "algo_name": "Xor codec", "time_enc": [1.7399263381958008,1.9579386711120605,3.0450356006622314,1.9659972190856934,2.005493402481079,1.8645732402801514,2.178682804107666,2.2709197998046875,1.9380443096160889,1.9653713703155518,1.9737167358398438,1.7906773090362549,1.9423894882202148,1.9618782997131348,2.0496935844421387,2.049818992614746,1.877767562866211,2.0494396686553955,1.946749210357666,2.2476773262023926], "size":"150ko", "time_dec": [1.9578635692596436,1.8733084201812744,1.895751953125,1.8928544521331787,1.888944387435913,1.9772863388061523,1.8847229480743408,1.9853858947753906,1.9364986419677734,2.0286567211151123,1.9098093509674072,2.143951654434204,1.9910776615142822,1.8363308906555176,1.7824184894561768,2.1604528427124023,1.8605222702026367,1.9062421321868896,2.017798900604248,1.831686019897461]}
{"index":{"_id":42}}
{"version":2, "algo_num": 2, "algo_name": "Xor codec", "time_enc": [81.62314820289612,77.67344641685486,83.27677655220032,78.52769184112549,84.69017148017883,83.98303365707397,84.35397481918335,76.31386303901672,76.77592301368713,76.27261662483215,81.48939657211304,81.50740027427673,80.02650928497314,80.75985455513,81.55623006820679], "size":"500ko", "time_dec": [75.83110737800598,84.3470208644867,84.5914535522461,82.90939736366272,79.47451519966125,83.71173906326294,82.28486561775208,82.32082200050354,79.19570684432983,78.5612576007843,77.75299119949341,76.83775281906128,76.5113878250122,85.39139223098755,80.02450942993164]}

{"index":{"_id":44}}
{"version":2, "algo_num": 2, "algo_name": "Xor codec", "time_enc": [563.7817866802216], "size":"1,3Mo", "time_dec": [563.7817866802216]}
{"index":{"_id":45}}
{"version":1, "algo_num": 2, "algo_name": "Xor codec", "time_enc": [0.03925323486328125,0.03917241096496582,0.039763689041137695,0.12939238548278809,0.07460975646972656,0.14547252655029297,0.03998970985412598,0.0944678783416748,0.13129806518554688,0.07656240463256836,0.10991621017456055,0.04560256004333496,0.05625510215759277,0.13933587074279785,0.10938644409179688], "size":"1ko", "time_dec": [0.050377845764160156,0.12506461143493652,0.08853983879089355,0.05473661422729492,0.1365048885345459,0.05378437042236328,0.11016201972961426,0.061159610748291016,0.06287240982055664,0.13463783264160156,0.04828000068664551,0.0475466251373291,0.14477968215942383,0.06863093376159668,0.16430211067199707]}
{"index":{"_id":46}}
{"version":1, "algo_num": 2, "algo_name": "Xor codec",